section,table_name,column_name,data_type,is_nullable,column_default,?column?
COLUMNS,app_group_links,group_id,uuid,NO,null,null
COLUMNS,app_group_links,app_id,uuid,NO,null,null
COLUMNS,app_user_links,user_id,uuid,NO,null,null
COLUMNS,app_user_links,app_id,uuid,NO,null,null
COLUMNS,apps,route,text,NO,null,null
COLUMNS,apps,icon,text,YES,null,null
COLUMNS,apps,name,text,NO,null,null
COLUMNS,apps,id,uuid,NO,gen_random_uuid(),null
COLUMNS,groups,created_at,timestamp with time zone,YES,now(),null
COLUMNS,groups,id,uuid,NO,gen_random_uuid(),null
COLUMNS,groups,name,text,NO,null,null
COLUMNS,groups,description,text,YES,null,null
COLUMNS,groups,is_archived,boolean,YES,false,null
COLUMNS,groups,parent_group_id,uuid,YES,null,null
COLUMNS,meta_schema_overview,columns,jsonb,YES,null,null
COLUMNS,meta_schema_overview,table_name,name,YES,null,null
COLUMNS,meta_schema_overview,schema,name,YES,null,null
COLUMNS,meta_schema_overview,table_size,text,YES,null,null
COLUMNS,meta_schema_overview,rls_policies,jsonb,YES,null,null
COLUMNS,meta_schema_overview,rls_enabled,boolean,YES,null,null
COLUMNS,meta_schema_overview,indexes,jsonb,YES,null,null
COLUMNS,meta_schema_overview,foreign_keys,jsonb,YES,null,null
COLUMNS,meta_schema_overview,primary_keys,jsonb,YES,null,null
COLUMNS,periods,id,uuid,NO,gen_random_uuid(),null
COLUMNS,periods,name,text,NO,null,null
COLUMNS,periods,sort_order,integer,YES,null,null
COLUMNS,roles,name,text,NO,null,null
COLUMNS,roles,id,uuid,NO,gen_random_uuid(),null
COLUMNS,task_categories,parent_id,uuid,YES,null,null
COLUMNS,task_categories,name,text,NO,null,null
COLUMNS,task_categories,id,uuid,NO,gen_random_uuid(),null
COLUMNS,task_categories,sort_order,integer,YES,0,null
COLUMNS,task_categories,is_archived,boolean,YES,false,null
COLUMNS,task_categories,created_at,timestamp with time zone,YES,now(),null
COLUMNS,task_categories,group_id,uuid,NO,null,null
COLUMNS,task_category_links,task_id,uuid,NO,null,null
COLUMNS,task_category_links,category_id,uuid,NO,null,null
COLUMNS,task_category_map,category_id,uuid,NO,null,null
COLUMNS,task_category_map,task_id,uuid,NO,null,null
COLUMNS,task_context_assignees,task_context_id,uuid,NO,null,null
COLUMNS,task_context_assignees,assignee_id,uuid,NO,null,null
COLUMNS,task_context_assignees,assignee_type,text,NO,null,null
COLUMNS,task_contexts,created_at,timestamp with time zone,YES,now(),null
COLUMNS,task_contexts,category_id,uuid,YES,null,null
COLUMNS,task_contexts,yacht_id,uuid,YES,null,null
COLUMNS,task_contexts,task_id,uuid,YES,null,null
COLUMNS,task_contexts,id,uuid,NO,gen_random_uuid(),null
COLUMNS,task_results,id,uuid,NO,gen_random_uuid(),null
COLUMNS,task_results,result_status,text,YES,null,null
COLUMNS,task_results,result_value,text,YES,null,null
COLUMNS,task_results,performed_by,uuid,YES,null,null
COLUMNS,task_results,task_context_id,uuid,YES,null,null
COLUMNS,task_results,performed_at,timestamp with time zone,YES,now(),null
COLUMNS,task_results,remarks,text,YES,null,null
COLUMNS,tasks,period_id,uuid,YES,null,null
COLUMNS,tasks,id,uuid,NO,gen_random_uuid(),null
COLUMNS,tasks,unit_of_measure_id,uuid,YES,null,null
COLUMNS,tasks,created_at,timestamp with time zone,YES,now(),null
COLUMNS,tasks,default_period_id,uuid,YES,null,null
COLUMNS,tasks,default_unit_of_measure_id,uuid,YES,null,null
COLUMNS,tasks,lineage_id,uuid,YES,null,null
COLUMNS,tasks,version,integer,NO,1,null
COLUMNS,tasks,is_latest,boolean,NO,true,null
COLUMNS,tasks,superseded_at,timestamp with time zone,YES,null,null
COLUMNS,tasks,description,text,YES,null,null
COLUMNS,tasks,name,text,NO,null,null
COLUMNS,units_of_measure,unit_type,text,NO,null,null
COLUMNS,units_of_measure,id,uuid,NO,gen_random_uuid(),null
COLUMNS,units_of_measure,name,text,NO,null,null
COLUMNS,user_group_links,user_id,uuid,NO,null,null
COLUMNS,user_group_links,group_id,uuid,NO,null,null
COLUMNS,user_role_links,role_id,uuid,NO,null,null
COLUMNS,user_role_links,user_id,uuid,NO,null,null
COLUMNS,users,id,uuid,NO,null,null
COLUMNS,users,display_name,text,YES,null,null
COLUMNS,users,email,text,YES,null,null
COLUMNS,users,last_login,timestamp with time zone,YES,null,null
COLUMNS,users,created_at,timestamp with time zone,YES,now(),null
COLUMNS,yacht_group_links,yacht_id,uuid,NO,null,null
COLUMNS,yacht_group_links,group_id,uuid,NO,null,null
COLUMNS,yacht_task_results,id,uuid,NO,gen_random_uuid(),null
COLUMNS,yacht_task_results,yacht_task_id,uuid,NO,null,null
COLUMNS,yacht_task_results,value,numeric,YES,null,null
COLUMNS,yacht_task_results,recorded_at,timestamp with time zone,YES,now(),null
COLUMNS,yacht_task_results,recorded_by,uuid,YES,null,null
COLUMNS,yacht_tasks,group_id,uuid,NO,null,null
COLUMNS,yacht_tasks,yacht_id,uuid,NO,null,null
COLUMNS,yacht_tasks,created_at,timestamp with time zone,YES,now(),null
COLUMNS,yacht_tasks,position,integer,YES,null,null
COLUMNS,yacht_tasks,id,uuid,NO,gen_random_uuid(),null
COLUMNS,yacht_tasks,active,boolean,YES,true,null
COLUMNS,yacht_tasks,unit_of_measure_id,uuid,NO,null,null
COLUMNS,yacht_tasks,period_id,uuid,YES,null,null
COLUMNS,yacht_tasks,task_id,uuid,NO,null,null
COLUMNS,yacht_user_links,yacht_id,uuid,NO,null,null
COLUMNS,yacht_user_links,user_id,uuid,NO,null,null
COLUMNS,yachts,name,text,NO,null,null
COLUMNS,yachts,make_model,text,YES,null,null
COLUMNS,yachts,location,text,YES,null,null
COLUMNS,yachts,created_at,timestamp with time zone,YES,now(),null
COLUMNS,yachts,latest_engineer_hours,numeric,YES,null,null
COLUMNS,yachts,photo_url,text,YES,null,null
COLUMNS,yachts,id,uuid,NO,gen_random_uuid(),null
CONSTRAINTS,app_group_links,2200_17728_2_not_null,CHECK,null,null,null
CONSTRAINTS,app_group_links,app_group_links_pkey,PRIMARY KEY,app_id,app_group_links,null
CONSTRAINTS,app_group_links,2200_17728_1_not_null,CHECK,null,null,null
CONSTRAINTS,app_group_links,app_group_links_group_id_fkey,FOREIGN KEY,group_id,groups,null
CONSTRAINTS,app_group_links,app_group_links_app_id_fkey,FOREIGN KEY,app_id,apps,null
CONSTRAINTS,app_group_links,app_group_links_pkey,PRIMARY KEY,app_id,app_group_links,null
CONSTRAINTS,app_group_links,app_group_links_pkey,PRIMARY KEY,group_id,app_group_links,null
CONSTRAINTS,app_group_links,app_group_links_pkey,PRIMARY KEY,group_id,app_group_links,null
CONSTRAINTS,app_user_links,app_user_links_pkey,PRIMARY KEY,app_id,app_user_links,null
CONSTRAINTS,app_user_links,app_user_links_app_id_fkey,FOREIGN KEY,app_id,apps,null
CONSTRAINTS,app_user_links,2200_17713_2_not_null,CHECK,null,null,null
CONSTRAINTS,app_user_links,2200_17713_1_not_null,CHECK,null,null,null
CONSTRAINTS,app_user_links,app_user_links_user_id_fkey,FOREIGN KEY,user_id,users,null
CONSTRAINTS,app_user_links,app_user_links_pkey,PRIMARY KEY,user_id,app_user_links,null
CONSTRAINTS,app_user_links,app_user_links_pkey,PRIMARY KEY,user_id,app_user_links,null
CONSTRAINTS,app_user_links,app_user_links_pkey,PRIMARY KEY,app_id,app_user_links,null
CONSTRAINTS,apps,2200_17705_4_not_null,CHECK,null,null,null
CONSTRAINTS,apps,2200_17705_1_not_null,CHECK,null,null,null
CONSTRAINTS,apps,apps_pkey,PRIMARY KEY,id,apps,null
CONSTRAINTS,apps,2200_17705_2_not_null,CHECK,null,null,null
CONSTRAINTS,groups,groups_parent_group_id_fkey,FOREIGN KEY,parent_group_id,groups,null
CONSTRAINTS,groups,2200_17523_1_not_null,CHECK,null,null,null
CONSTRAINTS,groups,2200_17523_2_not_null,CHECK,null,null,null
CONSTRAINTS,groups,groups_pkey,PRIMARY KEY,id,groups,null
CONSTRAINTS,periods,periods_pkey,PRIMARY KEY,id,periods,null
CONSTRAINTS,periods,2200_17601_2_not_null,CHECK,null,null,null
CONSTRAINTS,periods,2200_17601_1_not_null,CHECK,null,null,null
CONSTRAINTS,periods,periods_name_unique,UNIQUE,name,periods,null
CONSTRAINTS,roles,2200_17498_2_not_null,CHECK,null,null,null
CONSTRAINTS,roles,roles_pkey,PRIMARY KEY,id,roles,null
CONSTRAINTS,roles,roles_name_key,UNIQUE,name,roles,null
CONSTRAINTS,roles,2200_17498_1_not_null,CHECK,null,null,null
CONSTRAINTS,task_categories,task_categories_parent_id_fkey,FOREIGN KEY,parent_id,task_categories,null
CONSTRAINTS,task_categories,task_categories_pkey,PRIMARY KEY,id,task_categories,null
CONSTRAINTS,task_categories,2200_20144_2_not_null,CHECK,null,null,null
CONSTRAINTS,task_categories,2200_20144_3_not_null,CHECK,null,null,null
CONSTRAINTS,task_categories,2200_20144_1_not_null,CHECK,null,null,null
CONSTRAINTS,task_category_links,task_category_links_pkey,PRIMARY KEY,task_id,task_category_links,null
CONSTRAINTS,task_category_links,task_category_links_task_id_fkey,FOREIGN KEY,task_id,tasks,null
CONSTRAINTS,task_category_links,task_category_links_pkey,PRIMARY KEY,category_id,task_category_links,null
CONSTRAINTS,task_category_links,2200_17636_2_not_null,CHECK,null,null,null
CONSTRAINTS,task_category_links,2200_17636_1_not_null,CHECK,null,null,null
CONSTRAINTS,task_category_links,task_category_links_pkey,PRIMARY KEY,category_id,task_category_links,null
CONSTRAINTS,task_category_links,task_category_links_pkey,PRIMARY KEY,task_id,task_category_links,null
CONSTRAINTS,task_category_map,task_category_map_pkey,PRIMARY KEY,category_id,task_category_map,null
CONSTRAINTS,task_category_map,task_category_map_task_id_fkey,FOREIGN KEY,task_id,tasks,null
CONSTRAINTS,task_category_map,2200_20054_2_not_null,CHECK,null,null,null
CONSTRAINTS,task_category_map,2200_20054_1_not_null,CHECK,null,null,null
CONSTRAINTS,task_category_map,task_category_map_pkey,PRIMARY KEY,task_id,task_category_map,null
CONSTRAINTS,task_category_map,task_category_map_pkey,PRIMARY KEY,task_id,task_category_map,null
CONSTRAINTS,task_category_map,task_category_map_pkey,PRIMARY KEY,category_id,task_category_map,null
CONSTRAINTS,task_context_assignees,task_context_assignees_pkey,PRIMARY KEY,task_context_id,task_context_assignees,null
CONSTRAINTS,task_context_assignees,task_context_assignees_pkey,PRIMARY KEY,assignee_type,task_context_assignees,null
CONSTRAINTS,task_context_assignees,task_context_assignees_pkey,PRIMARY KEY,assignee_type,task_context_assignees,null
CONSTRAINTS,task_context_assignees,task_context_assignees_pkey,PRIMARY KEY,task_context_id,task_context_assignees,null
CONSTRAINTS,task_context_assignees,task_context_assignees_pkey,PRIMARY KEY,task_context_id,task_context_assignees,null
CONSTRAINTS,task_context_assignees,2200_17673_2_not_null,CHECK,null,null,null
CONSTRAINTS,task_context_assignees,2200_17673_3_not_null,CHECK,null,null,null
CONSTRAINTS,task_context_assignees,2200_17673_1_not_null,CHECK,null,null,null
CONSTRAINTS,task_context_assignees,task_context_assignees_task_context_id_fkey,FOREIGN KEY,task_context_id,task_contexts,null
CONSTRAINTS,task_context_assignees,task_context_assignees_pkey,PRIMARY KEY,assignee_id,task_context_assignees,null
CONSTRAINTS,task_context_assignees,task_context_assignees_pkey,PRIMARY KEY,assignee_id,task_context_assignees,null
CONSTRAINTS,task_context_assignees,task_context_assignees_pkey,PRIMARY KEY,assignee_id,task_context_assignees,null
CONSTRAINTS,task_context_assignees,task_context_assignees_pkey,PRIMARY KEY,assignee_type,task_context_assignees,null
CONSTRAINTS,task_contexts,2200_17651_1_not_null,CHECK,null,null,null
CONSTRAINTS,task_contexts,task_contexts_yacht_id_fkey,FOREIGN KEY,yacht_id,yachts,null
CONSTRAINTS,task_contexts,task_contexts_task_id_fkey,FOREIGN KEY,task_id,tasks,null
CONSTRAINTS,task_contexts,task_contexts_pkey,PRIMARY KEY,id,task_contexts,null
CONSTRAINTS,task_results,task_results_pkey,PRIMARY KEY,id,task_results,null
CONSTRAINTS,task_results,2200_17685_1_not_null,CHECK,null,null,null
CONSTRAINTS,task_results,task_results_task_context_id_fkey,FOREIGN KEY,task_context_id,task_contexts,null
CONSTRAINTS,task_results,task_results_result_status_check,CHECK,null,task_results,null
CONSTRAINTS,task_results,task_results_performed_by_fkey,FOREIGN KEY,performed_by,users,null
CONSTRAINTS,tasks,tasks_period_id_fkey,FOREIGN KEY,period_id,periods,null
CONSTRAINTS,tasks,tasks_default_period_id_fkey,FOREIGN KEY,default_period_id,periods,null
CONSTRAINTS,tasks,tasks_default_unit_of_measure_id_fkey,FOREIGN KEY,default_unit_of_measure_id,units_of_measure,null
CONSTRAINTS,tasks,tasks_name_unique,UNIQUE,name,tasks,null
CONSTRAINTS,tasks,tasks_pkey,PRIMARY KEY,id,tasks,null
CONSTRAINTS,tasks,tasks_unit_of_measure_id_fkey,FOREIGN KEY,unit_of_measure_id,units_of_measure,null
CONSTRAINTS,tasks,2200_17617_1_not_null,CHECK,null,null,null
CONSTRAINTS,tasks,2200_17617_2_not_null,CHECK,null,null,null
CONSTRAINTS,tasks,2200_17617_10_not_null,CHECK,null,null,null
CONSTRAINTS,tasks,2200_17617_11_not_null,CHECK,null,null,null
CONSTRAINTS,units_of_measure,2200_17609_2_not_null,CHECK,null,null,null
CONSTRAINTS,units_of_measure,units_of_measure_pkey,PRIMARY KEY,id,units_of_measure,null
CONSTRAINTS,units_of_measure,units_of_measure_name_unique,UNIQUE,name,units_of_measure,null
CONSTRAINTS,units_of_measure,2200_17609_3_not_null,CHECK,null,null,null
CONSTRAINTS,units_of_measure,2200_17609_1_not_null,CHECK,null,null,null
CONSTRAINTS,user_group_links,user_group_links_pkey,PRIMARY KEY,group_id,user_group_links,null
CONSTRAINTS,user_group_links,2200_17537_2_not_null,CHECK,null,null,null
CONSTRAINTS,user_group_links,user_group_links_pkey,PRIMARY KEY,group_id,user_group_links,null
CONSTRAINTS,user_group_links,user_group_links_pkey,PRIMARY KEY,user_id,user_group_links,null
CONSTRAINTS,user_group_links,user_group_links_group_id_fkey,FOREIGN KEY,group_id,groups,null
CONSTRAINTS,user_group_links,user_group_links_pkey,PRIMARY KEY,user_id,user_group_links,null
CONSTRAINTS,user_group_links,2200_17537_1_not_null,CHECK,null,null,null
CONSTRAINTS,user_group_links,user_group_links_user_id_fkey,FOREIGN KEY,user_id,users,null
CONSTRAINTS,user_role_links,user_role_links_pkey,PRIMARY KEY,user_id,user_role_links,null
CONSTRAINTS,user_role_links,user_role_links_user_id_fkey,FOREIGN KEY,user_id,users,null
CONSTRAINTS,user_role_links,user_role_links_pkey,PRIMARY KEY,role_id,user_role_links,null
CONSTRAINTS,user_role_links,user_role_links_role_id_fkey,FOREIGN KEY,role_id,roles,null
CONSTRAINTS,user_role_links,user_role_links_pkey,PRIMARY KEY,role_id,user_role_links,null
CONSTRAINTS,user_role_links,2200_17508_1_not_null,CHECK,null,null,null
CONSTRAINTS,user_role_links,2200_17508_2_not_null,CHECK,null,null,null
CONSTRAINTS,user_role_links,user_role_links_pkey,PRIMARY KEY,user_id,user_role_links,null
CONSTRAINTS,users,users_pkey,PRIMARY KEY,id,users,null
CONSTRAINTS,users,2200_17484_1_not_null,CHECK,null,null,null
CONSTRAINTS,users,users_pkey,PRIMARY KEY,id,users,null
CONSTRAINTS,users,users_id_fkey,FOREIGN KEY,id,null,null
CONSTRAINTS,yacht_group_links,yacht_group_links_group_id_fkey,FOREIGN KEY,group_id,groups,null
CONSTRAINTS,yacht_group_links,yacht_group_links_pkey,PRIMARY KEY,group_id,yacht_group_links,null
CONSTRAINTS,yacht_group_links,yacht_group_links_pkey,PRIMARY KEY,group_id,yacht_group_links,null
CONSTRAINTS,yacht_group_links,yacht_group_links_pkey,PRIMARY KEY,yacht_id,yacht_group_links,null
CONSTRAINTS,yacht_group_links,yacht_group_links_pkey,PRIMARY KEY,yacht_id,yacht_group_links,null
CONSTRAINTS,yacht_group_links,2200_17552_1_not_null,CHECK,null,null,null
CONSTRAINTS,yacht_group_links,2200_17552_2_not_null,CHECK,null,null,null
CONSTRAINTS,yacht_task_results,yacht_task_results_yacht_task_id_fkey,FOREIGN KEY,yacht_task_id,yacht_tasks,null
CONSTRAINTS,yacht_task_results,2200_20099_1_not_null,CHECK,null,null,null
CONSTRAINTS,yacht_task_results,2200_20099_2_not_null,CHECK,null,null,null
CONSTRAINTS,yacht_task_results,yacht_task_results_pkey,PRIMARY KEY,id,yacht_task_results,null
CONSTRAINTS,yacht_tasks,yacht_tasks_yacht_id_group_id_task_id_key,UNIQUE,group_id,yacht_tasks,null
CONSTRAINTS,yacht_tasks,yacht_tasks_period_id_fkey,FOREIGN KEY,period_id,periods,null
CONSTRAINTS,yacht_tasks,yacht_tasks_pkey,PRIMARY KEY,id,yacht_tasks,null
CONSTRAINTS,yacht_tasks,yacht_tasks_task_id_fkey,FOREIGN KEY,task_id,tasks,null
CONSTRAINTS,yacht_tasks,yacht_tasks_unit_of_measure_id_fkey,FOREIGN KEY,unit_of_measure_id,units_of_measure,null
CONSTRAINTS,yacht_tasks,yacht_tasks_yacht_id_fkey,FOREIGN KEY,yacht_id,yachts,null
CONSTRAINTS,yacht_tasks,yacht_tasks_yacht_id_group_id_task_id_key,UNIQUE,yacht_id,yacht_tasks,null
CONSTRAINTS,yacht_tasks,yacht_tasks_yacht_id_group_id_task_id_key,UNIQUE,yacht_id,yacht_tasks,null
CONSTRAINTS,yacht_tasks,yacht_tasks_yacht_id_group_id_task_id_key,UNIQUE,yacht_id,yacht_tasks,null
CONSTRAINTS,yacht_tasks,yacht_tasks_yacht_id_group_id_task_id_key,UNIQUE,group_id,yacht_tasks,null
CONSTRAINTS,yacht_tasks,yacht_tasks_yacht_id_group_id_task_id_key,UNIQUE,group_id,yacht_tasks,null
CONSTRAINTS,yacht_tasks,yacht_tasks_yacht_id_group_id_task_id_key,UNIQUE,task_id,yacht_tasks,null
CONSTRAINTS,yacht_tasks,yacht_tasks_yacht_id_group_id_task_id_key,UNIQUE,task_id,yacht_tasks,null
CONSTRAINTS,yacht_tasks,yacht_tasks_yacht_id_group_id_task_id_key,UNIQUE,task_id,yacht_tasks,null
CONSTRAINTS,yacht_tasks,2200_20069_1_not_null,CHECK,null,null,null
CONSTRAINTS,yacht_tasks,2200_20069_2_not_null,CHECK,null,null,null
CONSTRAINTS,yacht_tasks,2200_20069_3_not_null,CHECK,null,null,null
CONSTRAINTS,yacht_tasks,2200_20069_4_not_null,CHECK,null,null,null
CONSTRAINTS,yacht_tasks,2200_20069_6_not_null,CHECK,null,null,null
CONSTRAINTS,yacht_user_links,yacht_user_links_pkey,PRIMARY KEY,yacht_id,yacht_user_links,null
CONSTRAINTS,yacht_user_links,yacht_user_links_pkey,PRIMARY KEY,yacht_id,yacht_user_links,null
CONSTRAINTS,yacht_user_links,yacht_user_links_pkey,PRIMARY KEY,user_id,yacht_user_links,null
CONSTRAINTS,yacht_user_links,yacht_user_links_pkey,PRIMARY KEY,user_id,yacht_user_links,null
CONSTRAINTS,yacht_user_links,yacht_user_links_user_id_fkey,FOREIGN KEY,user_id,users,null
CONSTRAINTS,yacht_user_links,yacht_user_links_yacht_id_fkey,FOREIGN KEY,yacht_id,yachts,null
CONSTRAINTS,yacht_user_links,2200_17571_2_not_null,CHECK,null,null,null
CONSTRAINTS,yacht_user_links,2200_17571_1_not_null,CHECK,null,null,null
CONSTRAINTS,yachts,2200_17562_1_not_null,CHECK,null,null,null
CONSTRAINTS,yachts,2200_17562_2_not_null,CHECK,null,null,null
CONSTRAINTS,yachts,yachts_pkey,PRIMARY KEY,id,yachts,null
ENUMS,aal_level,aal3,null,null,null,null
ENUMS,aal_level,aal1,null,null,null,null
ENUMS,aal_level,aal2,null,null,null,null
ENUMS,action,ERROR,null,null,null,null
ENUMS,action,INSERT,null,null,null,null
ENUMS,action,UPDATE,null,null,null,null
ENUMS,action,TRUNCATE,null,null,null,null
ENUMS,action,DELETE,null,null,null,null
ENUMS,buckettype,STANDARD,null,null,null,null
ENUMS,buckettype,VECTOR,null,null,null,null
ENUMS,buckettype,ANALYTICS,null,null,null,null
ENUMS,code_challenge_method,plain,null,null,null,null
ENUMS,code_challenge_method,s256,null,null,null,null
ENUMS,equality_op,lt,null,null,null,null
ENUMS,equality_op,eq,null,null,null,null
ENUMS,equality_op,gt,null,null,null,null
ENUMS,equality_op,gte,null,null,null,null
ENUMS,equality_op,in,null,null,null,null
ENUMS,equality_op,neq,null,null,null,null
ENUMS,equality_op,lte,null,null,null,null
ENUMS,factor_status,unverified,null,null,null,null
ENUMS,factor_status,verified,null,null,null,null
ENUMS,factor_type,webauthn,null,null,null,null
ENUMS,factor_type,phone,null,null,null,null
ENUMS,factor_type,totp,null,null,null,null
ENUMS,oauth_authorization_status,expired,null,null,null,null
ENUMS,oauth_authorization_status,pending,null,null,null,null
ENUMS,oauth_authorization_status,approved,null,null,null,null
ENUMS,oauth_authorization_status,denied,null,null,null,null
ENUMS,oauth_client_type,public,null,null,null,null
ENUMS,oauth_client_type,confidential,null,null,null,null
ENUMS,oauth_registration_type,manual,null,null,null,null
ENUMS,oauth_registration_type,dynamic,null,null,null,null
ENUMS,oauth_response_type,code,null,null,null,null
ENUMS,one_time_token_type,reauthentication_token,null,null,null,null
ENUMS,one_time_token_type,confirmation_token,null,null,null,null
ENUMS,one_time_token_type,email_change_token_new,null,null,null,null
ENUMS,one_time_token_type,recovery_token,null,null,null,null
ENUMS,one_time_token_type,phone_change_token,null,null,null,null
ENUMS,one_time_token_type,email_change_token_current,null,null,null,null
EXTENSIONS,pg_graphql,1.5.11,null,null,null,null
EXTENSIONS,pg_stat_statements,1.11,null,null,null,null
EXTENSIONS,pgcrypto,1.3,null,null,null,null
EXTENSIONS,plpgsql,1.0,null,null,null,null
EXTENSIONS,supabase_vault,0.3.1,null,null,null,null
EXTENSIONS,uuid-ossp,1.1,null,null,null,null
FOREIGN_KEYS,app_group_links,app_group_links_group_id_fkey,NO ACTION,CASCADE,groups,null
FOREIGN_KEYS,app_group_links,app_group_links_app_id_fkey,NO ACTION,CASCADE,apps,null
FOREIGN_KEYS,app_user_links,app_user_links_user_id_fkey,NO ACTION,CASCADE,users,null
FOREIGN_KEYS,app_user_links,app_user_links_app_id_fkey,NO ACTION,CASCADE,apps,null
FOREIGN_KEYS,groups,groups_parent_group_id_fkey,NO ACTION,NO ACTION,groups,null
FOREIGN_KEYS,task_categories,task_categories_parent_id_fkey,NO ACTION,CASCADE,task_categories,null
FOREIGN_KEYS,task_category_links,task_category_links_task_id_fkey,NO ACTION,CASCADE,tasks,null
FOREIGN_KEYS,task_category_map,task_category_map_task_id_fkey,NO ACTION,CASCADE,tasks,null
FOREIGN_KEYS,task_context_assignees,task_context_assignees_task_context_id_fkey,NO ACTION,CASCADE,task_contexts,null
FOREIGN_KEYS,task_contexts,task_contexts_task_id_fkey,NO ACTION,NO ACTION,tasks,null
FOREIGN_KEYS,task_contexts,task_contexts_yacht_id_fkey,NO ACTION,NO ACTION,yachts,null
FOREIGN_KEYS,task_results,task_results_performed_by_fkey,NO ACTION,NO ACTION,users,null
FOREIGN_KEYS,task_results,task_results_task_context_id_fkey,NO ACTION,CASCADE,task_contexts,null
FOREIGN_KEYS,tasks,tasks_default_unit_of_measure_id_fkey,NO ACTION,NO ACTION,units_of_measure,null
FOREIGN_KEYS,tasks,tasks_default_period_id_fkey,NO ACTION,NO ACTION,periods,null
FOREIGN_KEYS,tasks,tasks_unit_of_measure_id_fkey,NO ACTION,NO ACTION,units_of_measure,null
FOREIGN_KEYS,tasks,tasks_period_id_fkey,NO ACTION,NO ACTION,periods,null
FOREIGN_KEYS,user_group_links,user_group_links_group_id_fkey,NO ACTION,CASCADE,groups,null
FOREIGN_KEYS,user_group_links,user_group_links_user_id_fkey,NO ACTION,CASCADE,users,null
FOREIGN_KEYS,user_role_links,user_role_links_role_id_fkey,NO ACTION,CASCADE,roles,null
FOREIGN_KEYS,user_role_links,user_role_links_user_id_fkey,NO ACTION,CASCADE,users,null
FOREIGN_KEYS,yacht_group_links,yacht_group_links_group_id_fkey,NO ACTION,CASCADE,groups,null
FOREIGN_KEYS,yacht_task_results,yacht_task_results_yacht_task_id_fkey,NO ACTION,CASCADE,yacht_tasks,null
FOREIGN_KEYS,yacht_tasks,yacht_tasks_yacht_id_fkey,NO ACTION,CASCADE,yachts,null
FOREIGN_KEYS,yacht_tasks,yacht_tasks_unit_of_measure_id_fkey,NO ACTION,NO ACTION,units_of_measure,null
FOREIGN_KEYS,yacht_tasks,yacht_tasks_task_id_fkey,NO ACTION,NO ACTION,tasks,null
FOREIGN_KEYS,yacht_tasks,yacht_tasks_period_id_fkey,NO ACTION,NO ACTION,periods,null
FOREIGN_KEYS,yacht_user_links,yacht_user_links_yacht_id_fkey,NO ACTION,CASCADE,yachts,null
FOREIGN_KEYS,yacht_user_links,yacht_user_links_user_id_fkey,NO ACTION,CASCADE,users,null
FUNCTIONS,handle_auth_user_upsert,"CREATE OR REPLACE FUNCTION public.handle_auth_user_upsert()
 RE",null,null,null,null
FUNCTIONS,is_admin,"CREATE OR REPLACE FUNCTION public.is_admin()
 RETURNS boolean
 ",null,null,null,null
FUNCTIONS,visible_group_ids,"CREATE OR REPLACE FUNCTION public.visible_group_ids()
 RETURNS ",null,null,null,null
INDEXES,app_group_links,app_group_links_pkey,"CREATE UNIQUE INDEX app_group_links_pkey ON public.app_group_links USING btree (app_id, group_id)",null,null,null
INDEXES,app_user_links,app_user_links_pkey,"CREATE UNIQUE INDEX app_user_links_pkey ON public.app_user_links USING btree (app_id, user_id)",null,null,null
INDEXES,apps,apps_pkey,CREATE UNIQUE INDEX apps_pkey ON public.apps USING btree (id),null,null,null
INDEXES,groups,groups_is_archived_idx,CREATE INDEX groups_is_archived_idx ON public.groups USING btree (is_archived),null,null,null
INDEXES,groups,groups_pkey,CREATE UNIQUE INDEX groups_pkey ON public.groups USING btree (id),null,null,null
INDEXES,periods,periods_name_unique,CREATE UNIQUE INDEX periods_name_unique ON public.periods USING btree (name),null,null,null
INDEXES,periods,periods_pkey,CREATE UNIQUE INDEX periods_pkey ON public.periods USING btree (id),null,null,null
INDEXES,roles,roles_name_key,CREATE UNIQUE INDEX roles_name_key ON public.roles USING btree (name),null,null,null
INDEXES,roles,roles_pkey,CREATE UNIQUE INDEX roles_pkey ON public.roles USING btree (id),null,null,null
INDEXES,task_categories,task_categories_pkey,CREATE UNIQUE INDEX task_categories_pkey ON public.task_categories USING btree (id),null,null,null
INDEXES,task_categories,task_categories_group_name_idx,"CREATE UNIQUE INDEX task_categories_group_name_idx ON public.task_categories USING btree (group_id, name)",null,null,null
INDEXES,task_category_links,task_category_links_pkey,"CREATE UNIQUE INDEX task_category_links_pkey ON public.task_category_links USING btree (task_id, category_id)",null,null,null
INDEXES,task_category_map,task_category_map_pkey,"CREATE UNIQUE INDEX task_category_map_pkey ON public.task_category_map USING btree (task_id, category_id)",null,null,null
INDEXES,task_context_assignees,task_context_assignees_pkey,"CREATE UNIQUE INDEX task_context_assignees_pkey ON public.task_context_assignees USING btree (task_context_id, assignee_type, assignee_id)",null,null,null
INDEXES,task_contexts,task_contexts_pkey,CREATE UNIQUE INDEX task_contexts_pkey ON public.task_contexts USING btree (id),null,null,null
INDEXES,task_results,task_results_pkey,CREATE UNIQUE INDEX task_results_pkey ON public.task_results USING btree (id),null,null,null
INDEXES,tasks,tasks_name_unique,CREATE UNIQUE INDEX tasks_name_unique ON public.tasks USING btree (name),null,null,null
INDEXES,tasks,tasks_one_latest_per_lineage,CREATE UNIQUE INDEX tasks_one_latest_per_lineage ON public.tasks USING btree (lineage_id) WHERE (is_latest = true),null,null,null
INDEXES,tasks,tasks_lineage_id_idx,CREATE INDEX tasks_lineage_id_idx ON public.tasks USING btree (lineage_id),null,null,null
INDEXES,tasks,tasks_pkey,CREATE UNIQUE INDEX tasks_pkey ON public.tasks USING btree (id),null,null,null
INDEXES,units_of_measure,units_of_measure_pkey,CREATE UNIQUE INDEX units_of_measure_pkey ON public.units_of_measure USING btree (id),null,null,null
INDEXES,units_of_measure,units_of_measure_name_unique,CREATE UNIQUE INDEX units_of_measure_name_unique ON public.units_of_measure USING btree (name),null,null,null
INDEXES,user_group_links,user_group_links_pkey,"CREATE UNIQUE INDEX user_group_links_pkey ON public.user_group_links USING btree (user_id, group_id)",null,null,null
INDEXES,user_role_links,user_role_links_pkey,"CREATE UNIQUE INDEX user_role_links_pkey ON public.user_role_links USING btree (user_id, role_id)",null,null,null
INDEXES,users,users_pkey,CREATE UNIQUE INDEX users_pkey ON public.users USING btree (id),null,null,null
INDEXES,yacht_group_links,yacht_group_links_pkey,"CREATE UNIQUE INDEX yacht_group_links_pkey ON public.yacht_group_links USING btree (yacht_id, group_id)",null,null,null
INDEXES,yacht_group_links,yacht_group_links_yacht_id_unique,CREATE UNIQUE INDEX yacht_group_links_yacht_id_unique ON public.yacht_group_links USING btree (yacht_id),null,null,null
INDEXES,yacht_task_results,yacht_task_results_pkey,CREATE UNIQUE INDEX yacht_task_results_pkey ON public.yacht_task_results USING btree (id),null,null,null
INDEXES,yacht_tasks,yacht_tasks_yacht_id_group_id_task_id_key,"CREATE UNIQUE INDEX yacht_tasks_yacht_id_group_id_task_id_key ON public.yacht_tasks USING btree (yacht_id, group_id, task_id)",null,null,null
INDEXES,yacht_tasks,yacht_tasks_pkey,CREATE UNIQUE INDEX yacht_tasks_pkey ON public.yacht_tasks USING btree (id),null,null,null
INDEXES,yacht_user_links,yacht_user_links_pkey,"CREATE UNIQUE INDEX yacht_user_links_pkey ON public.yacht_user_links USING btree (yacht_id, user_id)",null,null,null
INDEXES,yachts,yachts_pkey,CREATE UNIQUE INDEX yachts_pkey ON public.yachts USING btree (id),null,null,null
RLS_ENABLED,app_group_links,true,null,null,null,null
RLS_ENABLED,app_group_links_pkey,false,null,null,null,null
RLS_ENABLED,app_user_links,true,null,null,null,null
RLS_ENABLED,app_user_links_pkey,false,null,null,null,null
RLS_ENABLED,apps,true,null,null,null,null
RLS_ENABLED,apps_pkey,false,null,null,null,null
RLS_ENABLED,groups,true,null,null,null,null
RLS_ENABLED,groups_is_archived_idx,false,null,null,null,null
RLS_ENABLED,groups_pkey,false,null,null,null,null
RLS_ENABLED,meta_schema_overview,false,null,null,null,null
RLS_ENABLED,periods,true,null,null,null,null
RLS_ENABLED,periods_name_unique,false,null,null,null,null
RLS_ENABLED,periods_pkey,false,null,null,null,null
RLS_ENABLED,roles,true,null,null,null,null
RLS_ENABLED,roles_name_key,false,null,null,null,null
RLS_ENABLED,roles_pkey,false,null,null,null,null
RLS_ENABLED,task_categories,true,null,null,null,null
RLS_ENABLED,task_categories_group_name_idx,false,null,null,null,null
RLS_ENABLED,task_categories_pkey,false,null,null,null,null
RLS_ENABLED,task_category_links,true,null,null,null,null
RLS_ENABLED,task_category_links_pkey,false,null,null,null,null
RLS_ENABLED,task_category_map,true,null,null,null,null
RLS_ENABLED,task_category_map_pkey,false,null,null,null,null
RLS_ENABLED,task_context_assignees,true,null,null,null,null
RLS_ENABLED,task_context_assignees_pkey,false,null,null,null,null
RLS_ENABLED,task_contexts,true,null,null,null,null
RLS_ENABLED,task_contexts_pkey,false,null,null,null,null
RLS_ENABLED,task_results,true,null,null,null,null
RLS_ENABLED,task_results_pkey,false,null,null,null,null
RLS_ENABLED,tasks,true,null,null,null,null
RLS_ENABLED,tasks_lineage_id_idx,false,null,null,null,null
RLS_ENABLED,tasks_name_unique,false,null,null,null,null
RLS_ENABLED,tasks_one_latest_per_lineage,false,null,null,null,null
RLS_ENABLED,tasks_pkey,false,null,null,null,null
RLS_ENABLED,units_of_measure,true,null,null,null,null
RLS_ENABLED,units_of_measure_name_unique,false,null,null,null,null
RLS_ENABLED,units_of_measure_pkey,false,null,null,null,null
RLS_ENABLED,user_group_links,true,null,null,null,null
RLS_ENABLED,user_group_links_pkey,false,null,null,null,null
RLS_ENABLED,user_role_links,true,null,null,null,null
RLS_ENABLED,user_role_links_pkey,false,null,null,null,null
RLS_ENABLED,users,true,null,null,null,null
RLS_ENABLED,users_pkey,false,null,null,null,null
RLS_ENABLED,yacht_group_links,true,null,null,null,null
RLS_ENABLED,yacht_group_links_pkey,false,null,null,null,null
RLS_ENABLED,yacht_group_links_yacht_id_unique,false,null,null,null,null
RLS_ENABLED,yacht_task_results,true,null,null,null,null
RLS_ENABLED,yacht_task_results_pkey,false,null,null,null,null
RLS_ENABLED,yacht_tasks,true,null,null,null,null
RLS_ENABLED,yacht_tasks_pkey,false,null,null,null,null
RLS_ENABLED,yacht_tasks_yacht_id_group_id_task_id_key,false,null,null,null,null
RLS_ENABLED,yacht_user_links,true,null,null,null,null
RLS_ENABLED,yacht_user_links_pkey,false,null,null,null,null
RLS_ENABLED,yachts,true,null,null,null,null
RLS_ENABLED,yachts_pkey,false,null,null,null,null
RLS_POLICIES,app_group_links,app_group_links_select_visible_groups,SELECT,{authenticated},(group_id IN ( SELECT visible_group_ids() AS visible_group_ids),null
RLS_POLICIES,app_user_links,app_user_links_select_self,SELECT,{authenticated},(user_id = auth.uid()),null
RLS_POLICIES,apps,apps_select_authenticated,SELECT,{authenticated},true,null
RLS_POLICIES,groups,groups_select_visible_tree,SELECT,{authenticated},(id IN ( SELECT visible_group_ids() AS visible_group_ids)),null
RLS_POLICIES,periods,periods_select_authenticated,SELECT,{authenticated},true,null
RLS_POLICIES,roles,roles_select_authenticated,SELECT,{authenticated},true,null
RLS_POLICIES,task_categories,task_categories_update_visible_groups,UPDATE,{authenticated},(group_id IN ( SELECT visible_group_ids() AS visible_group_ids),null
RLS_POLICIES,task_categories,task_categories_delete_visible_groups,DELETE,{authenticated},(group_id IN ( SELECT visible_group_ids() AS visible_group_ids),null
RLS_POLICIES,task_categories,task_categories_select_visible_groups,SELECT,{authenticated},(group_id IN ( SELECT visible_group_ids() AS visible_group_ids),null
RLS_POLICIES,task_categories,task_categories_insert_visible_groups,INSERT,{authenticated},null,null
RLS_POLICIES,task_category_links,task_category_links_insert_visible_categories,INSERT,{authenticated},null,null
RLS_POLICIES,task_category_links,task_category_links_delete_visible_categories,DELETE,{authenticated},"(category_id IN ( SELECT tc.id
   FROM task_categories tc
  WHE",null
RLS_POLICIES,task_category_links,task_category_links_select_visible_categories,SELECT,{authenticated},"(category_id IN ( SELECT tc.id
   FROM task_categories tc
  WHE",null
RLS_POLICIES,task_category_map,task_category_map_delete_visible_categories,DELETE,{authenticated},"(category_id IN ( SELECT tc.id
   FROM task_categories tc
  WHE",null
RLS_POLICIES,task_category_map,task_category_map_select_visible_categories,SELECT,{authenticated},"(category_id IN ( SELECT tc.id
   FROM task_categories tc
  WHE",null
RLS_POLICIES,task_category_map,task_category_map_insert_visible_categories,INSERT,{authenticated},null,null
RLS_POLICIES,task_context_assignees,task_context_assignees_select_visible_contexts,SELECT,{authenticated},"(task_context_id IN ( SELECT tc.id
   FROM task_contexts tc
  W",null
RLS_POLICIES,task_context_assignees,task_context_assignees_insert_visible_contexts,INSERT,{authenticated},null,null
RLS_POLICIES,task_context_assignees,task_context_assignees_delete_visible_contexts,DELETE,{authenticated},"(task_context_id IN ( SELECT tc.id
   FROM task_contexts tc
  W",null
RLS_POLICIES,task_contexts,task_contexts_insert_visible_yachts,INSERT,{authenticated},null,null
RLS_POLICIES,task_contexts,task_contexts_update_visible_yachts,UPDATE,{authenticated},"(yacht_id IN ( SELECT ygl.yacht_id
   FROM yacht_group_links yg",null
RLS_POLICIES,task_contexts,task_contexts_select_visible_yachts,SELECT,{authenticated},"(yacht_id IN ( SELECT ygl.yacht_id
   FROM yacht_group_links yg",null
RLS_POLICIES,task_contexts,task_contexts_delete_visible_yachts,DELETE,{authenticated},"(yacht_id IN ( SELECT ygl.yacht_id
   FROM yacht_group_links yg",null
RLS_POLICIES,task_results,task_results_insert_visible_contexts,INSERT,{authenticated},null,null
RLS_POLICIES,task_results,task_results_select_visible_contexts,SELECT,{authenticated},"(task_context_id IN ( SELECT tc.id
   FROM task_contexts tc
  W",null
RLS_POLICIES,tasks,tasks_select_visible_groups,SELECT,{authenticated},"(id IN ( SELECT tcm.task_id
   FROM (task_category_map tcm
    ",null
RLS_POLICIES,tasks,tasks_update_visible_groups,UPDATE,{authenticated},"(id IN ( SELECT tcm.task_id
   FROM (task_category_map tcm
    ",null
RLS_POLICIES,tasks,tasks_delete_visible_groups,DELETE,{authenticated},"(id IN ( SELECT tcm.task_id
   FROM (task_category_map tcm
    ",null
RLS_POLICIES,units_of_measure,units_of_measure_select_authenticated,SELECT,{authenticated},true,null
RLS_POLICIES,user_group_links,user_group_links_select_self,SELECT,{authenticated},(user_id = auth.uid()),null
RLS_POLICIES,user_group_links,user_group_links_delete_admin,DELETE,{authenticated},(is_admin() = true),null
RLS_POLICIES,user_group_links,user_group_links_select_visible_groups,SELECT,{authenticated},(group_id IN ( SELECT visible_group_ids() AS visible_group_ids),null
RLS_POLICIES,user_group_links,user_group_links_update_admin,UPDATE,{authenticated},(is_admin() = true),null
RLS_POLICIES,user_group_links,user_group_links_insert_admin,INSERT,{authenticated},null,null
RLS_POLICIES,user_role_links,user_role_links_select_self,SELECT,{authenticated},(user_id = auth.uid()),null
RLS_POLICIES,users,users_update_self,UPDATE,{authenticated},(id = auth.uid()),null
RLS_POLICIES,users,users_select_self,SELECT,{authenticated},(id = auth.uid()),null
RLS_POLICIES,users,users_select_visible_groups,SELECT,{authenticated},"(EXISTS ( SELECT 1
   FROM user_group_links ugl
  WHERE ((ugl.u",null
RLS_POLICIES,yacht_group_links,Allow read access to yacht_group_links,SELECT,{authenticated},true,null
RLS_POLICIES,yacht_group_links,yacht_group_links_delete_visible_groups,DELETE,{authenticated},(group_id IN ( SELECT visible_group_ids() AS visible_group_ids),null
RLS_POLICIES,yacht_group_links,yacht_group_links_select_visible_groups,SELECT,{authenticated},(group_id IN ( SELECT visible_group_ids() AS visible_group_ids),null
RLS_POLICIES,yacht_group_links,yacht_group_links_insert_visible_groups,INSERT,{authenticated},null,null
RLS_POLICIES,yacht_group_links,yacht_group_links_update_visible_groups,UPDATE,{authenticated},(group_id IN ( SELECT visible_group_ids() AS visible_group_ids),null
RLS_POLICIES,yacht_task_results,yacht_task_results_select_visible_yacht_tasks,SELECT,{authenticated},"(yacht_task_id IN ( SELECT yt.id
   FROM yacht_tasks yt
  WHERE",null
RLS_POLICIES,yacht_task_results,yacht_task_results_insert_visible_yacht_tasks,INSERT,{authenticated},null,null
RLS_POLICIES,yacht_tasks,yacht_tasks_update_visible_yachts,UPDATE,{authenticated},"(yacht_id IN ( SELECT ygl.yacht_id
   FROM yacht_group_links yg",null
RLS_POLICIES,yacht_tasks,yacht_tasks_select_visible_yachts,SELECT,{authenticated},"(yacht_id IN ( SELECT ygl.yacht_id
   FROM yacht_group_links yg",null
RLS_POLICIES,yacht_tasks,yacht_tasks_delete_visible_yachts,DELETE,{authenticated},"(yacht_id IN ( SELECT ygl.yacht_id
   FROM yacht_group_links yg",null
RLS_POLICIES,yacht_tasks,yacht_tasks_insert_visible_yachts,INSERT,{authenticated},null,null
RLS_POLICIES,yacht_user_links,yacht_user_links_select_visible_yachts,SELECT,{authenticated},"(yacht_id IN ( SELECT ygl.yacht_id
   FROM yacht_group_links yg",null
RLS_POLICIES,yachts,Allow read access to yachts,SELECT,{authenticated},true,null
RLS_POLICIES,yachts,yachts_select_visible_groups,SELECT,{authenticated},"(id IN ( SELECT ygl.yacht_id
   FROM yacht_group_links ygl
  WH",null
RLS_SUMMARY,app_group_links,app_group_links_select_visible_groups (SELECT),null,null,null,null
RLS_SUMMARY,app_user_links,app_user_links_select_self (SELECT),null,null,null,null
RLS_SUMMARY,apps,apps_select_authenticated (SELECT),null,null,null,null
RLS_SUMMARY,groups,groups_select_visible_tree (SELECT),null,null,null,null
RLS_SUMMARY,periods,periods_select_authenticated (SELECT),null,null,null,null
RLS_SUMMARY,roles,roles_select_authenticated (SELECT),null,null,null,null
RLS_SUMMARY,task_categories,"task_categories_update_visible_groups (UPDATE), task_categories",null,null,null,null
RLS_SUMMARY,task_category_links,"task_category_links_select_visible_categories (SELECT), task_ca",null,null,null,null
RLS_SUMMARY,task_category_map,"task_category_map_insert_visible_categories (INSERT), task_cate",null,null,null,null
RLS_SUMMARY,task_context_assignees,"task_context_assignees_select_visible_contexts (SELECT), task_c",null,null,null,null
RLS_SUMMARY,task_contexts,"task_contexts_insert_visible_yachts (INSERT), task_contexts_sel",null,null,null,null
RLS_SUMMARY,task_results,"task_results_insert_visible_contexts (INSERT), task_results_sel",null,null,null,null
RLS_SUMMARY,tasks,"tasks_delete_visible_groups (DELETE), tasks_select_visible_grou",null,null,null,null
RLS_SUMMARY,units_of_measure,units_of_measure_select_authenticated (SELECT),null,null,null,null
RLS_SUMMARY,user_group_links,"user_group_links_update_admin (UPDATE), user_group_links_select",null,null,null,null
RLS_SUMMARY,user_role_links,user_role_links_select_self (SELECT),null,null,null,null
RLS_SUMMARY,users,"users_update_self (UPDATE), users_select_visible_groups (SELECT",null,null,null,null
RLS_SUMMARY,yacht_group_links,"yacht_group_links_select_visible_groups (SELECT), Allow read ac",null,null,null,null
RLS_SUMMARY,yacht_task_results,"yacht_task_results_insert_visible_yacht_tasks (INSERT), yacht_t",null,null,null,null
RLS_SUMMARY,yacht_tasks,"yacht_tasks_delete_visible_yachts (DELETE), yacht_tasks_insert_",null,null,null,null
RLS_SUMMARY,yacht_user_links,yacht_user_links_select_visible_yachts (SELECT),null,null,null,null
RLS_SUMMARY,yachts,"Allow read access to yachts (SELECT), yachts_select_visible_gro",null,null,null,null
VIEWS,meta_schema_overview," SELECT schemaname AS schema,
    tablename AS table_name,
    ",null,null,null,null